blob_id,polarity,x,y,area,equivalent_diameter,eccentricity,aspect_ratio,min_z,max_z,mean_z,bbox_min_x,bbox_min_y,bbox_max_x,bbox_max_y
1,negative,1083.5993423660884,3.803232332589666,5.0,2.5231325220201604,0.816496580927726,1.5,-3.612306594848633,-3.50822114944458,-3.561955213546753,1083,3,1085,6
2,negative,710.4929906438979,8.504625829278545,4.0,2.256758334191025,0.0,1.0,-3.7460203170776367,-3.576247453689575,-3.6478333473205566,710,8,712,10
3,negative,1382.5996605111638,35.213329809644804,5.0,2.5231325220201604,0.816496580927726,1.5,-3.992396116256714,-3.542353630065918,-3.8139519691467285,1382,34,1384,37
4,negative,1356.7980934716493,40.60777262412047,5.0,2.5231325220201604,0.816496580927726,1.5,-4.058779239654541,-3.573349714279175,-3.7560951709747314,1356,40,1359,42
5,negative,1153.483721690784,43.50097599004048,4.0,2.256758334191025,0.0,1.0,-3.9311704635620117,-3.6657333374023438,-3.8058810234069824,1153,43,1155,45
6,negative,1475.5056869043408,49.01032424323458,4.0,2.256758334191025,0.9241763718304448,1.5,-3.6827499866485596,-3.532829999923706,-3.6302897930145264,1475,48,1477,51
7,negative,1013.2126464632307,49.41136714403668,5.0,2.5231325220201604,0.816496580927726,1.5,-4.221057415008545,-3.7092127799987793,-4.007637977600098,1012,49,1015,51
8,negative,876.8833922106701,60.31669439848314,9.0,3.385137501286538,0.6945875203623408,1.3333333333333333,-4.148944854736328,-3.5371904373168945,-3.816067934036255,876,59,879,63
9,negative,1490.7581373721387,64.01327576281581,4.0,2.256758334191025,0.7905694150420949,1.5,-4.198808670043945,-3.5205416679382324,-3.7724766731262207,1490,63,1492,66
10,negative,1682.7526309082352,64.99394287940578,4.0,2.256758334191025,0.7905694150420949,1.5,-3.8325815200805664,-3.5003602504730225,-3.6276729106903076,1682,64,1684,67
11,negative,955.9776186637769,74.33784328200464,17.0,4.652426491681278,0.8561899425446332,1.2,-4.303197383880615,-3.62884783744812,-3.9284210205078125,954,72,959,78
12,negative,1072.2473144858493,78.24022707060031,4.0,2.256758334191025,0.9128709291752769,1.5,-3.6922245025634766,-3.5184500217437744,-3.59748911857605,1072,77,1074,80
13,negative,1022.009111739857,89.77438039723044,10.0,3.5682482323055424,0.6123724356957946,1.3333333333333333,-4.821860313415527,-3.624887704849243,-4.170324802398682,1021,88,1024,92
14,negative,1131.5023973988511,92.50342371374995,4.0,2.256758334191025,0.0,1.0,-3.698575735092163,-3.515643358230591,-3.624488353729248,1131,92,1133,94
15,negative,927.0925526579462,114.74368603904807,11.0,3.742410318509555,0.8006525873778298,1.25,-4.471156120300293,-3.5551674365997314,-3.9677534103393555,925,113,930,117
16,negative,1166.8728684707808,125.08999835507149,8.0,3.1915382432114616,0.9301030369550042,1.6666666666666667,-4.013521671295166,-3.5754780769348145,-3.7286226749420166,1166,123,1169,128
17,negative,1060.6114352463962,126.37567202190719,15.0,4.370193722368317,0.4898979485566355,1.0,-5.3722243309021,-3.5338757038116455,-4.359580039978027,1059,125,1063,129
18,negative,1234.5059219281502,131.01402250493834,8.0,3.1915382432114616,0.9325316965091067,2.5,-4.388108730316162,-3.572774648666382,-4.006014823913574,1234,129,1236,134
19,negative,1060.802705910404,133.4024812263451,5.0,2.5231325220201604,0.816496580927726,1.5,-3.7921054363250732,-3.5996479988098145,-3.6911556720733643,1060,133,1063,135
20,negative,853.0040630408614,144.50095516912478,6.0,2.763953195770684,0.7905694150420949,1.5,-3.822659969329834,-3.618803024291992,-3.6987857818603516,852,144,855,146
21,negative,922.7152188265102,146.99840125943436,7.0,2.985410660720923,0.377964473009227,1.0,-4.262980937957764,-3.513751745223999,-3.7573904991149902,922,146,925,149
22,negative,1168.003068721755,150.4719934972247,10.0,3.5682482323055424,0.9295253650231817,2.0,-4.000009059906006,-3.5048317909240723,-3.658522844314575,1167,148,1170,154
23,negative,953.9992447656409,164.18166499509996,10.0,3.5682482323055424,0.6123724356957946,1.3333333333333333,-4.842400074005127,-3.541721820831299,-4.06697940826416,953,163,956,167
24,negative,1070.403520722997,184.24304744179423,5.0,2.5231325220201604,0.816496580927726,1.5,-4.2926344871521,-3.539680242538452,-4.064321041107178,1070,183,1072,186
25,negative,1331.4861349139921,209.97579681807986,6.0,2.763953195770684,0.7905694150420949,1.5,-4.498925685882568,-3.636073350906372,-4.0210185050964355,1331,209,1333,212
26,negative,1050.5014663924255,221.51180411669375,18.0,4.787307364817192,0.8556725445635569,1.5,-4.464900016784668,-3.743743419647217,-4.0491132736206055,1049,219,1053,225
27,negative,999.1256990764971,250.66342389060418,9.0,3.385137501286538,0.6945875203623408,1.3333333333333333,-4.785825252532959,-3.5113656520843506,-4.165904998779297,998,249,1001,253
28,negative,1031.2964865882477,277.42224502691215,17.0,4.652426491681278,0.5929421438433349,1.5,-5.027587413787842,-3.602278470993042,-4.37534236907959,1030,275,1034,281
29,negative,1241.4898741686418,291.03194090377025,6.0,2.763953195770684,0.7905694150420949,1.5,-4.331477165222168,-3.6582372188568115,-4.023498058319092,1241,290,1243,293
30,negative,1244.182928056875,297.55714513076583,11.0,3.742410318509555,0.7474706650229409,1.0,-4.336552143096924,-3.672128200531006,-3.954691171646118,1243,296,1247,300
31,negative,1758.4969430885158,310.000160349357,4.0,2.256758334191025,0.9241763718304448,1.5,-3.698106288909912,-3.5341124534606934,-3.5941355228424072,1758,309,1760,312
32,negative,1175.064114309916,319.8079739313233,12.0,3.9088200952233594,0.7950060587397373,1.6666666666666667,-4.527744770050049,-3.599405527114868,-4.024482250213623,1174,318,1177,323
33,negative,1047.3584729893735,331.3964573357535,18.0,4.787307364817192,0.8750681440048692,1.5,-4.71376895904541,-3.5233492851257324,-4.061072826385498,1046,329,1050,335
34,negative,1507.7377774931067,349.9891264339245,4.0,2.256758334191025,0.7905694150420949,1.5,-4.046672344207764,-3.5356719493865967,-3.8237571716308594,1507,349,1509,352
35,negative,1647.4017993165955,355.21065983899683,5.0,2.5231325220201604,0.816496580927726,1.5,-4.294668674468994,-3.6701347827911377,-3.9941163063049316,1647,354,1649,357
36,negative,711.8024112747793,360.39606383401633,5.0,2.5231325220201604,0.816496580927726,1.5,-3.8687784671783447,-3.5550949573516846,-3.6560165882110596,711,360,714,362
37,negative,1057.8142593523985,405.1664664859533,6.0,2.763953195770684,0.6741998624632421,1.0,-4.066784858703613,-3.562716484069824,-3.7712886333465576,1057,404,1060,407
38,negative,1607.2122835261719,409.41354493233007,5.0,2.5231325220201604,0.816496580927726,1.5,-4.048058032989502,-3.5509884357452393,-3.8462281227111816,1606,409,1609,411
39,negative,990.8423798878765,436.76291623015334,26.0,5.753627391751592,0.8950378280600226,1.3333333333333333,-4.641822338104248,-3.5361125469207764,-4.0186872482299805,988,434,994,442
40,negative,1300.9960243928335,440.9912453210887,9.0,3.385137501286538,0.0,1.0,-4.527061939239502,-3.665144205093384,-4.032473087310791,1300,440,1303,443
41,negative,950.8814957334716,449.91619676172064,9.0,3.385137501286538,0.6944132079458367,1.3333333333333333,-4.4389166831970215,-3.536102771759033,-3.9285948276519775,950,448,953,452
42,negative,1073.7416397572454,449.25022991807214,8.0,3.1915382432114616,0.7384255845247096,1.3333333333333333,-3.800351619720459,-3.5376906394958496,-3.6725330352783203,1072,448,1076,451
43,negative,1314.701992625546,450.5126478943569,12.0,3.9088200952233594,0.645460725553083,1.0,-4.599275588989258,-3.514397621154785,-3.9940950870513916,1313,449,1317,453
44,negative,1520.7853142869778,468.407265436319,5.0,2.5231325220201604,0.816496580927726,1.5,-3.8133955001831055,-3.5313451290130615,-3.737452745437622,1520,468,1523,470
45,negative,1657.662982556285,470.65738079264077,6.0,2.763953195770684,0.8164965809277259,1.0,-3.9351089000701904,-3.502070665359497,-3.7161865234375,1657,470,1660,473
46,negative,1028.2434045476625,473.00222018705693,4.0,2.256758334191025,0.7905694150420949,1.5,-4.025717735290527,-3.6635076999664307,-3.7627763748168945,1028,472,1030,475
47,negative,923.2485690903387,476.31701275190846,9.0,3.385137501286538,0.5612111506528393,1.3333333333333333,-4.4473652839660645,-3.514899969100952,-3.927800178527832,922,475,925,479
48,negative,1078.5452318761718,490.34021179068594,15.0,4.370193722368317,0.7131795312507127,1.25,-4.989344120025635,-3.7477705478668213,-4.285831928253174,1077,488,1081,493
49,negative,769.8303484358066,491.5758826932176,11.0,3.742410318509555,0.747470665022941,1.0,-4.803278923034668,-3.549102306365967,-4.119627475738525,768,490,772,494
50,negative,1325.7624251255295,491.6527664531272,12.0,3.9088200952233594,0.4907192147942729,1.0,-4.365774154663086,-3.50132417678833,-3.889285087585449,1324,490,1328,494
51,negative,1168.3101332324509,493.2290247351134,12.0,3.9088200952233594,0.8163642866341995,1.25,-4.364047527313232,-3.531946897506714,-3.981217384338379,1167,491,1171,496
52,negative,970.0186705359316,503.480857371538,24.0,5.527906391541368,0.9003207382570776,1.8,-4.67909049987793,-3.5014700889587402,-3.9340717792510986,968,500,973,509
53,negative,1221.3886486782285,500.8295003107935,5.0,2.5231325220201604,0.816496580927726,1.5,-4.112204551696777,-3.52180552482605,-3.763456344604492,1221,500,1223,503
54,negative,1115.0109307768055,502.288159322643,7.0,2.985410660720923,0.377964473009227,1.0,-4.56741189956665,-3.710552215576172,-4.035325527191162,1114,501,1117,504
55,negative,1043.5166112317934,502.48955185441963,4.0,2.256758334191025,0.0,1.0,-4.045001983642578,-3.632521629333496,-3.8108816146850586,1043,502,1045,504
56,negative,1239.5043616008818,516.5019699034926,4.0,2.256758334191025,0.0,1.0,-3.6596012115478516,-3.568126916885376,-3.611870527267456,1239,516,1241,518
57,negative,1237.603951743428,524.7896595737948,5.0,2.5231325220201604,0.816496580927726,1.5,-4.0192670822143555,-3.5301480293273926,-3.7702770233154297,1237,524,1239,527
58,negative,684.1663900506671,540.4984312233481,6.0,2.763953195770684,0.8997354108424372,1.3333333333333333,-3.635345458984375,-3.5033929347991943,-3.5534465312957764,683,539,686,543
59,negative,895.2050772734075,541.4072734985459,5.0,2.5231325220201604,0.816496580927726,1.5,-3.781783103942871,-3.601548433303833,-3.6645171642303467,894,541,897,543
60,negative,1500.489875195689,548.5029459319582,4.0,2.256758334191025,0.0,1.0,-4.085902690887451,-3.6848247051239014,-3.8626058101654053,1500,548,1502,550
61,negative,982.7912449146057,556.5963970018018,5.0,2.5231325220201604,0.816496580927726,1.5,-3.8164219856262207,-3.522153615951538,-3.709395170211792,982,556,985,558
62,negative,1037.5027945009442,561.0069440166938,4.0,2.256758334191025,0.9241763718304448,1.5,-3.6436901092529297,-3.5232293605804443,-3.60360050201416,1037,560,1039,563
63,negative,708.2865267266742,566.9910390248488,7.0,2.985410660720923,0.377964473009227,1.0,-4.483956336975098,-3.629000425338745,-3.963003635406494,707,566,710,569
64,negative,1052.1733734729619,607.6072300037912,5.0,2.5231325220201604,0.816496580927726,1.5,-4.1441144943237305,-3.5108110904693604,-3.7848281860351562,1051,607,1054,609
65,negative,1116.493905398044,624.5066504459475,4.0,2.256758334191025,0.0,1.0,-3.776963949203491,-3.539918899536133,-3.6143851280212402,1116,624,1118,626
66,negative,1066.0066585405818,638.2443220763604,4.0,2.256758334191025,0.7905694150420949,1.5,-3.87860369682312,-3.5579612255096436,-3.669640064239502,1065,638,1068,640
67,negative,994.0149175122792,640.7459728423662,4.0,2.256758334191025,0.7905694150420949,1.5,-3.970944404602051,-3.5914835929870605,-3.8143186569213867,993,640,996,642
68,negative,1290.5014962033013,651.9965578456076,4.0,2.256758334191025,0.9241763718304448,1.5,-3.8901572227478027,-3.5615851879119873,-3.7370541095733643,1290,651,1292,654
69,negative,1265.0134570886112,653.9997412879542,7.0,2.985410660720923,0.816496580927726,1.0,-4.213665962219238,-3.514148235321045,-3.806567907333374,1264,653,1267,656
70,negative,906.7508594403448,655.9988026069861,4.0,2.256758334191025,0.7905694150420949,1.5,-3.734780788421631,-3.546661853790283,-3.610995292663574,906,655,908,658
71,negative,1407.0084717994275,678.7559720121629,4.0,2.256758334191025,0.7905694150420949,1.5,-3.798635244369507,-3.534501791000366,-3.6346607208251953,1406,678,1409,680
72,negative,1634.4487710057258,685.7115194117167,14.0,4.222008245644752,0.925952107747518,1.75,-4.190565586090088,-3.5359697341918945,-3.849539041519165,1631,684,1638,688
73,negative,958.0546611034486,695.0620548562334,13.0,4.068428945128219,0.8980932393704276,2.0,-4.412397861480713,-3.509378433227539,-3.9067087173461914,956,694,962,697
74,negative,2023.692291108658,697.7122219764381,10.0,3.5682482323055424,0.6164414002968978,1.0,-4.209457874298096,-3.5594305992126465,-3.815030336380005,2022,696,2026,700
75,negative,1475.689601979762,701.4789645971036,6.0,2.763953195770684,0.8703882797784891,2.0,-4.206833839416504,-3.5428831577301025,-3.8262031078338623,1475,700,1477,704
76,negative,1954.164537476615,702.1545218873432,6.0,2.763953195770684,0.674199862463242,1.0,-4.282325744628906,-3.636442184448242,-3.8600432872772217,1953,701,1956,704
77,negative,1974.6024432546624,707.8038570871189,5.0,2.5231325220201604,0.816496580927726,1.5,-3.9866747856140137,-3.5329790115356445,-3.711986541748047,1974,707,1976,710
78,negative,1579.7649213935458,722.9916905542302,4.0,2.256758334191025,0.7905694150420949,1.5,-3.9783101081848145,-3.5201752185821533,-3.743614912033081,1579,722,1581,725
79,negative,959.1154293573584,748.3627844260722,11.0,3.742410318509555,0.7084437526351621,1.3333333333333333,-4.108365535736084,-3.505434989929199,-3.7713544368743896,958,747,961,751
80,negative,1177.328406343246,753.51010212813,6.0,2.763953195770684,0.921771963101181,1.0,-3.7410058975219727,-3.5094668865203857,-3.5690488815307617,1176,752,1180,756
81,negative,1044.1906305329667,754.617686979761,5.0,2.5231325220201604,0.816496580927726,1.5,-3.9270527362823486,-3.512986898422241,-3.7088844776153564,1043,754,1046,756
82,negative,1086.1658381430452,762.8464062148072,6.0,2.763953195770684,0.674199862463242,1.0,-4.157880783081055,-3.576570749282837,-3.7701609134674072,1085,762,1088,765
83,negative,902.7927985517871,768.4008851607995,5.0,2.5231325220201604,0.816496580927726,1.5,-3.7210702896118164,-3.5774080753326416,-3.6619396209716797,902,768,905,770
84,negative,1038.436966521037,784.4233333600179,14.0,4.222008245644752,0.6124290672687138,1.25,-4.289767265319824,-3.503997802734375,-3.8887317180633545,1037,783,1042,787
85,negative,1132.0020916216565,792.7651375704987,4.0,2.256758334191025,0.7905694150420949,1.5,-4.118356227874756,-3.5046393871307373,-3.7305235862731934,1131,792,1134,794
86,negative,1275.1953658768575,794.6081139595589,5.0,2.5231325220201604,0.816496580927726,1.5,-3.8718268871307373,-3.541944742202759,-3.620046615600586,1274,794,1277,796
87,negative,1128.1938491392234,796.822596729328,6.0,2.763953195770684,0.674199862463242,1.0,-4.2881975173950195,-3.5646908283233643,-3.9234421253204346,1127,796,1130,799
88,negative,801.8090313814732,818.7837038050408,5.0,2.5231325220201604,0.9380831519646858,1.0,-3.917433500289917,-3.501575469970703,-3.749725818634033,801,818,804,821
89,negative,884.6041702798469,818.7962532482667,5.0,2.5231325220201604,0.816496580927726,1.5,-3.8096678256988525,-3.5988402366638184,-3.6800827980041504,884,818,886,821
90,negative,1072.9806247111433,841.694761758544,7.0,2.985410660720923,0.3779644730092273,1.0,-4.532221794128418,-3.5915720462799072,-4.08419132232666,1072,841,1075,844
91,negative,1077.511218350086,845.5163723275639,4.0,2.256758334191025,0.0,1.0,-3.932173252105713,-3.520839214324951,-3.7271108627319336,1077,845,1079,847
92,negative,1171.989971932903,850.493307480264,6.0,2.763953195770684,0.7905694150420949,1.5,-3.7925703525543213,-3.5305206775665283,-3.629598379135132,1171,850,1174,852
93,negative,1039.4634682716292,856.5039111844658,8.0,3.1915382432114616,0.8944271909999159,2.0,-4.234063148498535,-3.5594911575317383,-4.021965503692627,1038,856,1042,858
94,negative,1481.1736095658766,861.2787457657203,7.0,2.985410660720923,0.7238845965239822,1.0,-4.131767749786377,-3.5754194259643555,-3.8692595958709717,1480,860,1483,863
95,negative,201.49750008826805,863.4928287823839,4.0,2.256758334191025,0.0,1.0,-3.8573741912841797,-3.6107094287872314,-3.752805233001709,201,863,203,865
96,negative,1021.941773210271,877.7020046766996,14.0,4.222008245644752,0.8525087992381267,1.5,-4.286942005157471,-3.5130996704101562,-3.82709002494812,1019,876,1025,880
97,negative,1553.535195098268,881.8326065491752,18.0,4.787307364817192,0.7940163238855699,1.2,-4.968517303466797,-3.575765371322632,-4.191394329071045,1552,879,1557,885
98,negative,1722.1885352844224,879.5979297967963,5.0,2.5231325220201604,0.816496580927726,1.5,-3.804706335067749,-3.502791404724121,-3.6971614360809326,1721,879,1724,881
99,negative,1000.8057817805658,889.6011199469208,5.0,2.5231325220201604,0.816496580927726,1.5,-3.9797868728637695,-3.623825788497925,-3.7387168407440186,1000,889,1003,891
100,negative,1513.9987844858263,896.9999581091988,5.0,2.5231325220201604,0.0,1.0,-4.005972385406494,-3.5117287635803223,-3.6413772106170654,1513,896,1516,899
101,negative,1083.5040422733996,901.5007758723202,4.0,2.256758334191025,0.0,1.0,-3.706265687942505,-3.634227991104126,-3.664560317993164,1083,901,1085,903
102,negative,1029.9316015192057,904.8478564594121,13.0,4.068428945128219,0.6618028466539135,1.25,-4.652699947357178,-3.6719295978546143,-4.099829196929932,1028,903,1032,908
103,negative,674.9997539525573,918.0032420384706,5.0,2.5231325220201604,0.0,1.0,-3.6858341693878174,-3.5023398399353027,-3.5525271892547607,674,917,677,920
104,negative,1130.8763730209412,920.5693985161596,19.0,4.918490759365935,0.6322808964466018,1.25,-4.937917709350586,-3.560842275619507,-4.100381374359131,1129,919,1134,923
105,negative,1696.8582059953808,927.4796672178393,14.0,4.222008245644752,0.6338016749999308,1.0,-4.720024585723877,-3.647024154663086,-4.100376605987549,1695,925,1700,930
106,negative,1423.8415633249192,945.1679077032829,6.0,2.763953195770684,0.6741998624632421,1.0,-4.565132141113281,-3.5085372924804688,-3.9213459491729736,1423,944,1426,947
107,negative,1005.988286341505,951.6940781254007,7.0,2.985410660720923,0.3779644730092273,1.0,-4.350473880767822,-3.5139307975769043,-3.935824155807495,1005,951,1008,954
108,negative,893.5447387618591,953.2183176545991,10.0,3.5682482323055424,0.6831300510639732,1.3333333333333333,-4.790158748626709,-3.5326414108276367,-4.177305221557617,892,952,896,955
109,negative,1447.5023630187516,958.4995118344025,4.0,2.256758334191025,0.0,1.0,-3.7680160999298096,-3.50569224357605,-3.6333069801330566,1447,958,1449,960
110,negative,1292.9980848905218,961.4982714056558,8.0,3.1915382432114616,0.5773502691896258,1.3333333333333333,-4.212562561035156,-3.51953125,-3.7618184089660645,1292,960,1295,964
111,negative,1642.754715714147,961.7448003057008,4.0,2.256758334191025,0.9128709291752769,1.5,-3.8267624378204346,-3.5526621341705322,-3.669468879699707,1642,961,1644,964
112,negative,906.0104885299017,968.1822057672904,10.0,3.5682482323055424,0.9118146230702718,1.6666666666666667,-4.101240634918213,-3.5540671348571777,-3.8798434734344482,905,966,908,971
113,negative,1134.7965131831802,966.4112549431227,5.0,2.5231325220201604,0.816496580927726,1.5,-3.858299493789673,-3.51584792137146,-3.70265531539917,1134,966,1137,968
114,negative,1695.9969380172925,981.6731275785852,13.0,4.068428945128219,0.784101278416771,1.6666666666666667,-4.631039142608643,-3.684316873550415,-4.049640655517578,1695,980,1698,985
115,negative,1695.3066110176367,992.1840542013365,7.0,2.985410660720923,0.7238845965239822,1.0,-4.51528787612915,-3.5140256881713867,-4.050899505615234,1694,991,1697,994
116,negative,1772.0002917232139,999.5074439862201,6.0,2.763953195770684,0.7905694150420949,1.5,-4.031290054321289,-3.5918281078338623,-3.7181999683380127,1771,999,1774,1001
117,negative,1024.5709810404378,1006.7133291841384,7.0,2.985410660720923,0.8886656215775005,2.0,-3.8934104442596436,-3.5075085163116455,-3.719942092895508,1024,1005,1026,1009
118,negative,1596.0051685769402,1007.2507636428314,4.0,2.256758334191025,0.7905694150420949,1.5,-4.243232250213623,-3.5315749645233154,-3.7988414764404297,1595,1007,1598,1009
119,negative,1337.5084885184947,1008.5091336237739,4.0,2.256758334191025,0.0,1.0,-3.766435146331787,-3.5100910663604736,-3.6366758346557617,1337,1008,1339,1010
120,negative,895.5114093148322,1017.4917352074073,4.0,2.256758334191025,0.0,1.0,-3.8566477298736572,-3.5646541118621826,-3.7103796005249023,895,1017,897,1019
121,negative,1954.9925692480015,1023.2535968884509,8.0,3.1915382432114616,0.8062257748298549,1.3333333333333333,-3.8049678802490234,-3.505391836166382,-3.6685233116149902,1954,1022,1958,1025
122,negative,997.8262682778078,1032.7578625430062,16.0,4.51351666838205,0.9442562466918045,2.3333333333333335,-4.578541278839111,-3.5109429359436035,-4.00527286529541,997,1030,1000,1037
123,negative,943.686209273692,1039.4221061119354,19.0,4.918490759365935,0.7757720871312938,1.5,-4.220145225524902,-3.504761219024658,-3.821110486984253,942,1037,946,1043
124,negative,1211.1611318536761,1046.1632178492691,6.0,2.763953195770684,0.674199862463242,1.0,-4.057127475738525,-3.557588577270508,-3.76332950592041,1210,1045,1213,1048
125,negative,1341.5054541042707,1049.0051249453486,10.0,3.5682482323055424,0.7905694150420949,1.3333333333333333,-4.3222126960754395,-3.5273025035858154,-3.8223443031311035,1340,1048,1344,1051
126,negative,673.996200253202,1049.4928071225727,6.0,2.763953195770684,0.7905694150420949,1.5,-4.131375312805176,-3.5882012844085693,-3.795332908630371,673,1049,676,1051
127,negative,856.1617224241311,1063.1606392618453,6.0,2.763953195770684,0.674199862463242,1.0,-4.384334087371826,-3.5924315452575684,-3.896705389022827,855,1062,858,1065
128,negative,1091.0024458214766,1062.5119947712403,6.0,2.763953195770684,0.7905694150420949,1.5,-4.291965007781982,-3.5912184715270996,-3.9046084880828857,1090,1062,1093,1064
129,negative,1817.0491502343466,1065.4911953752446,6.0,2.763953195770684,0.7905694150420949,1.5,-4.5336079597473145,-3.546966552734375,-4.1009135246276855,1816,1065,1819,1067
130,negative,1091.9981866313753,1067.504752395313,4.0,2.256758334191025,0.9241763718304448,1.5,-3.92634916305542,-3.5937509536743164,-3.7246482372283936,1091,1067,1094,1069
131,negative,1183.1808053892464,1071.6074961445156,5.0,2.5231325220201604,0.816496580927726,1.5,-4.103695869445801,-3.51784610748291,-3.7234387397766113,1182,1071,1185,1073
132,negative,1255.7866215469787,1098.3912194880843,5.0,2.5231325220201604,0.816496580927726,1.5,-4.1884284019470215,-3.5905330181121826,-3.8222479820251465,1255,1098,1258,1100
133,negative,1737.4696623844955,1103.965827093041,10.0,3.5682482323055424,0.7905694150420949,1.3333333333333333,-4.275310039520264,-3.5160958766937256,-3.7975387573242188,1736,1103,1740,1106
134,negative,872.9131404212314,1114.1952161740992,10.0,3.5682482323055424,0.6546536707079772,1.3333333333333333,-4.708491325378418,-3.5676846504211426,-4.051854133605957,872,1113,875,1117
135,negative,915.2817645636306,1120.6700621548737,10.0,3.5682482323055424,0.6164414002968978,1.0,-4.557880401611328,-3.500781774520874,-3.965197801589966,914,1119,918,1123
136,negative,865.4781258903968,1120.5025680817828,4.0,2.256758334191025,0.0,1.0,-3.9622631072998047,-3.584225654602051,-3.7539634704589844,865,1120,867,1122
137,negative,838.0708722837505,1128.9570858528584,17.0,4.652426491681278,0.9461409391655725,2.6666666666666665,-4.4230427742004395,-3.5134336948394775,-3.92236065864563,834,1128,842,1131
138,negative,812.8540601378081,1145.7746018582293,12.0,3.9088200952233594,0.8026684714915574,1.25,-4.344466686248779,-3.533554792404175,-3.9081172943115234,811,1144,816,1148
139,negative,1031.6296329624333,1146.4171515337416,12.0,3.9088200952233594,0.6857297985359115,1.25,-4.854959487915039,-3.5050814151763916,-4.277422904968262,1030,1145,1035,1149
140,negative,868.8825288153366,1154.1432860421962,8.0,3.1915382432114616,0.6123724356957945,1.0,-4.7316694259643555,-3.5055904388427734,-4.0528459548950195,868,1153,871,1156
141,negative,1386.4908385524182,1155.9968439440806,4.0,2.256758334191025,0.9241763718304448,1.5,-3.926523447036743,-3.5899405479431152,-3.7136282920837402,1386,1155,1388,1158
142,negative,1497.7496413319625,1165.7325468741833,8.0,3.1915382432114616,0.7384255845247096,1.3333333333333333,-4.151985168457031,-3.5031940937042236,-3.8027312755584717,1497,1164,1500,1168
143,negative,965.0017636519789,1168.0144708114483,7.0,2.985410660720923,0.816496580927726,1.0,-4.123423099517822,-3.505868434906006,-3.7097935676574707,964,1167,967,1170
144,negative,1112.6183076826671,1169.4559126574839,11.0,3.742410318509555,0.49792959773196893,1.0,-4.745003700256348,-3.541151762008667,-4.08901834487915,1111,1168,1115,1172
145,negative,1002.0139926319696,1207.9842380506236,9.0,3.385137501286538,0.0,1.0,-5.056413173675537,-3.725792169570923,-4.231653213500977,1001,1207,1004,1210
146,negative,1091.560264133629,1207.896635039868,9.0,3.385137501286538,0.8606629658238704,1.3333333333333333,-4.068566799163818,-3.56534481048584,-3.842562675476074,1090,1207,1094,1210
147,negative,1358.4991053962408,1207.5247966060763,4.0,2.256758334191025,0.0,1.0,-3.9735405445098877,-3.5106301307678223,-3.7354018688201904,1358,1207,1360,1209
148,negative,1659.498540262354,1210.5116226004104,4.0,2.256758334191025,0.0,1.0,-3.871732473373413,-3.63130521774292,-3.740598440170288,1659,1210,1661,1212
149,negative,1036.5085959008613,1213.5005173324362,4.0,2.256758334191025,0.0,1.0,-3.8161356449127197,-3.5779638290405273,-3.6932284832000732,1036,1213,1038,1215
150,negative,617.4017625135234,1216.2029912574917,5.0,2.5231325220201604,0.816496580927726,1.5,-3.9989473819732666,-3.6303529739379883,-3.777430295944214,617,1215,619,1218
151,negative,1086.8431564290695,1217.990459079058,7.0,2.985410660720923,0.9098501715950021,1.6666666666666667,-4.188013076782227,-3.51103138923645,-3.774996280670166,1085,1217,1090,1220
152,negative,1098.1684742528837,1221.8108118467178,6.0,2.763953195770684,0.674199862463242,1.0,-4.073631286621094,-3.5095083713531494,-3.746748685836792,1097,1221,1100,1224
153,negative,1582.485318737575,1222.5075557701814,4.0,2.256758334191025,0.0,1.0,-3.8436505794525146,-3.5193824768066406,-3.6455864906311035,1582,1222,1584,1224
154,negative,789.8778796407036,1230.1378970993962,8.0,3.1915382432114616,0.6123724356957945,1.0,-4.379720211029053,-3.6242802143096924,-3.907332420349121,789,1229,792,1232
155,negative,1005.1253396513537,1245.1601785036828,8.0,3.1915382432114616,0.6123724356957945,1.0,-4.449220657348633,-3.6550309658050537,-4.007152557373047,1004,1244,1007,1247
156,negative,933.4336819327599,1263.6328491175664,11.0,3.742410318509555,0.49792959773196904,1.0,-4.677498817443848,-3.537419557571411,-4.1194329261779785,932,1262,936,1266
157,negative,1086.8545979972016,1265.5794211465031,7.0,2.985410660720923,0.9332430861364037,1.3333333333333333,-3.9353041648864746,-3.5156137943267822,-3.7731308937072754,1086,1264,1089,1268
158,negative,1137.2329859451934,1266.017841501928,5.0,2.5231325220201604,0.787091262435293,1.0,-4.086644649505615,-3.5123937129974365,-3.818542957305908,1136,1265,1139,1268
159,negative,870.2573104769061,1270.2356067233127,4.0,2.256758334191025,0.9128709291752769,1.5,-3.9892079830169678,-3.5452141761779785,-3.7617921829223633,869,1270,872,1272
160,negative,873.4979575121376,1272.5041511377858,4.0,2.256758334191025,0.0,1.0,-3.872450590133667,-3.7215218544006348,-3.812560558319092,873,1272,875,1274
161,negative,1156.2665338455008,1286.6360242206122,22.0,5.292567428401227,0.7934030968353423,1.2,-5.531918525695801,-3.561903953552246,-4.390839099884033,1154,1284,1159,1290
162,negative,1548.3520630583107,1290.6555514069348,86.0,10.464157913908982,0.6605769882028876,1.2,-28.166316986083984,-3.639833450317383,-12.460833549499512,1544,1285,1554,1297
163,negative,626.4880287325111,1289.5001420875624,4.0,2.256758334191025,0.0,1.0,-3.788731575012207,-3.5809061527252197,-3.683772087097168,626,1289,628,1291
164,negative,1061.3239021321306,1301.5654484621125,9.0,3.385137501286538,0.9229099348869616,1.0,-3.992480754852295,-3.5016918182373047,-3.721090078353882,1060,1300,1064,1304
165,negative,1243.9626796320715,1316.4966511157036,6.0,2.763953195770684,0.7905694150420949,1.5,-4.331395149230957,-3.5933516025543213,-3.987016439437866,1243,1316,1246,1318
166,negative,1001.4007627752322,1318.821201994087,5.0,2.5231325220201604,0.816496580927726,1.5,-4.106970310211182,-3.520456075668335,-3.830561876296997,1001,1318,1003,1321
167,negative,1365.319976190807,1326.4563988032853,6.0,2.763953195770684,0.8703882797784891,2.0,-4.072352409362793,-3.5054006576538086,-3.7506721019744873,1365,1325,1367,1329
168,negative,768.4104028195733,1329.8072495259091,5.0,2.5231325220201604,0.9241763718304448,2.0,-4.036155700683594,-3.5201284885406494,-3.755880832672119,767,1329,771,1331
169,negative,1157.9948822250608,1336.6459040847446,18.0,4.787307364817192,0.6123724356957945,1.25,-5.602458477020264,-3.6574418544769287,-4.434680938720703,1156,1335,1161,1339
170,negative,1423.004425020002,1340.4992403831077,4.0,2.256758334191025,0.9241763718304448,1.5,-3.6600942611694336,-3.54662823677063,-3.5978951454162598,1422,1340,1425,1342
171,negative,870.4966512114468,1349.5221171295661,4.0,2.256758334191025,0.0,1.0,-3.9967379570007324,-3.6071181297302246,-3.8249142169952393,870,1349,872,1351
172,negative,1018.5083453470469,1349.8044134762315,10.0,3.5682482323055424,0.6831300510639732,1.3333333333333333,-4.771090507507324,-3.513266086578369,-4.125258445739746,1017,1349,1021,1352
173,negative,912.4048266891473,1352.1947882171344,5.0,2.5231325220201604,0.816496580927726,1.5,-3.887765407562256,-3.5762600898742676,-3.701460599899292,912,1351,914,1354
174,negative,1075.2038397353617,1376.594555244378,5.0,2.5231325220201604,0.816496580927726,1.5,-3.777479410171509,-3.553044557571411,-3.678302049636841,1074,1376,1077,1378
175,negative,1203.7554779214058,1379.2509029102353,8.0,3.1915382432114616,0.7384255845247096,1.3333333333333333,-4.030022621154785,-3.50101900100708,-3.757330894470215,1202,1378,1206,1381
176,negative,1218.1735531739919,1381.3934884902453,5.0,2.5231325220201604,0.816496580927726,1.5,-3.9421181678771973,-3.5266666412353516,-3.732442855834961,1217,1381,1220,1383
177,negative,761.5932869953572,1384.2005648038828,5.0,2.5231325220201604,0.816496580927726,1.5,-3.942354679107666,-3.6341559886932373,-3.8026318550109863,761,1383,763,1386
178,negative,1712.0108648553792,1383.5107257457532,6.0,2.763953195770684,0.7905694150420949,1.5,-3.976386070251465,-3.6156442165374756,-3.755703926086426,1711,1383,1714,1385
179,negative,1002.4908492694027,1384.4999690817824,4.0,2.256758334191025,0.0,1.0,-3.882214069366455,-3.695563316345215,-3.7891228199005127,1002,1384,1004,1386
180,negative,918.736448124361,1389.9986539105619,4.0,2.256758334191025,0.7905694150420949,1.5,-4.014255523681641,-3.5764052867889404,-3.7977945804595947,918,1389,920,1392
181,negative,1112.7551565329013,1392.9784625141838,4.0,2.256758334191025,0.7905694150420949,1.5,-3.915651559829712,-3.502722978591919,-3.721651315689087,1112,1392,1114,1395
182,negative,1163.822266724687,1397.172915746651,6.0,2.763953195770684,0.6741998624632421,1.0,-4.089764595031738,-3.5199592113494873,-3.8168275356292725,1163,1396,1166,1399
183,negative,1324.0093197791452,1430.7189243991,7.0,2.985410660720923,0.3779644730092273,1.0,-4.514674186706543,-3.529296875,-3.8804306983947754,1323,1430,1326,1433
184,negative,608.3141959871009,1437.0997145879444,15.0,4.370193722368317,0.8675960828908797,1.0,-4.393410682678223,-3.538722515106201,-3.9163148403167725,606,1435,611,1440
185,negative,1404.9843213537943,1451.23342541694,4.0,2.256758334191025,0.7905694150420949,1.5,-4.219211578369141,-3.5518064498901367,-3.8040056228637695,1404,1451,1407,1453
186,negative,1320.769636903283,1463.5921144420304,10.0,3.5682482323055424,0.8500612866300705,1.6666666666666667,-4.178914546966553,-3.5239315032958984,-3.784687042236328,1319,1463,1324,1466
187,negative,968.8684415779402,1465.1240741458423,8.0,3.1915382432114616,0.6123724356957945,1.0,-4.557858943939209,-3.709894895553589,-4.018773078918457,968,1464,971,1467
188,negative,1937.487301911283,1467.492082849441,6.0,2.763953195770684,0.9128709291752768,2.0,-4.041532516479492,-3.6428494453430176,-3.8381764888763428,1936,1467,1940,1469
189,negative,927.8713007666585,1471.1361438801061,8.0,3.1915382432114616,0.6123724356957945,1.0,-4.624631881713867,-3.6352310180664062,-4.0534443855285645,927,1470,930,1473
190,negative,656.4999999277986,1473.516423706579,4.0,2.256758334191025,0.0,1.0,-3.8675599098205566,-3.5622398853302,-3.7148993015289307,656,1473,658,1475
191,negative,1376.0021301344132,1474.243684069186,4.0,2.256758334191025,0.7905694150420949,1.5,-3.7556655406951904,-3.516474485397339,-3.607616424560547,1375,1474,1378,1476
192,negative,956.4921892032031,1477.5168484323992,4.0,2.256758334191025,0.0,1.0,-4.215388774871826,-3.817993402481079,-4.028870582580566,956,1477,958,1479
193,negative,845.2799493443936,1478.9042991261342,10.0,3.5682482323055424,0.8744746321952063,1.6666666666666667,-4.403372764587402,-3.640657424926758,-3.904040575027466,843,1478,848,1481
194,negative,797.669556968027,1488.898886393665,9.0,3.385137501286538,0.6945875203623408,1.3333333333333333,-4.094965934753418,-3.5512442588806152,-3.7825992107391357,796,1488,800,1491
195,negative,905.2404742154672,1501.0066536426923,4.0,2.256758334191025,0.7905694150420949,1.5,-3.9651427268981934,-3.5417370796203613,-3.6820340156555176,905,1500,907,1503
196,negative,1007.016224601353,1502.4851984172462,6.0,2.763953195770684,0.7905694150420949,1.5,-4.291033744812012,-3.6320841312408447,-3.913163423538208,1006,1502,1009,1504
197,negative,1166.503289988052,1507.0084942216636,6.0,2.763953195770684,0.7905694150420949,1.5,-4.113185405731201,-3.659142017364502,-3.8631560802459717,1166,1506,1168,1509
198,negative,1098.498727333172,1515.267369811962,14.0,4.222008245644752,0.2036532699906393,1.0,-5.055391788482666,-3.556230068206787,-4.220318794250488,1097,1514,1101,1518
199,negative,785.3608095127736,1519.889750103088,11.0,3.742410318509555,0.7084437526351622,1.3333333333333333,-4.46097993850708,-3.6937248706817627,-4.015221118927002,784,1519,788,1522
200,negative,807.5142501912633,1525.499505901385,4.0,2.256758334191025,0.0,1.0,-4.059745788574219,-3.8171684741973877,-3.9345688819885254,807,1525,809,1527
201,negative,842.5035089850809,1537.4832188062726,4.0,2.256758334191025,0.0,1.0,-3.8341028690338135,-3.535677909851074,-3.6769630908966064,842,1537,844,1539
202,negative,1019.8032721460376,1541.7907711672747,5.0,2.5231325220201604,0.9380831519646858,1.0,-3.9551138877868652,-3.54894757270813,-3.7586207389831543,1019,1541,1022,1544
